Round 1,,,,,,,,
OVR,Team,Position,Name,Overall,Age,Salary,,QUICKLINKS
1,NY Islanders,C,Connor McDavid,80,23,"$12,500,000",,Round 1
2,Buffalo Sabres,C/LW/RW,Leon Draisaitl,80,24,"$8,500,000",,Round 2
3,St. Louis Blues,C,Nathan MacKinnon,81,24,"$6,300,000",,Round 3
4,Minnesota Wild,C,Mika Zibanejad,82,26,"$5,350,000",,Round 4
5,Vancouver Canucks,C,Elias Pettersson,75,21,"$925,000",,Round 5
6,Nashville Predators,C,Jack Eichel,79,23,"$10,000,000",,Round 6
7,Detroit Red Wings,G,Tuukka Rask,85,32,"$7,000,000",,Round 7
8,Carolina Hurricanes,C,Aleksander Barkov,77,24,"$5,900,000",,Round 8
9,Toronto Maple Leafs,C,Auston Matthews,76,22,"$11,634,000",,Round 9
10,Vegas Golden Knights,D,Cale Makar,67,21,"$880,834",,Round 10
11,Philadelphia Flyers,C,Mark Scheifele,77,26,"$6,125,000",,Round 11
12,Boston Bruins,LW/RW,Andrei Svechnikov,73,19,"$925,000",,Round 12
13,Winnipeg Jets,D,Quinn Hughes,66,20,"$916,668",,Round 13
14,Washington Capitals,C/RW,Brayden Point,76,23,"$6,750,000",,Round 14
15,NY Rangers,RW,David Pastrnak,76,23,"$6,666,666",,Round 15
16,Pittsburgh Penguins,LW,Artemi Panarin,78,28,"$11,642,857",,Round 16
17,Columbus Blue Jackets,G,Connor Hellebuyck,82,26,"$6,166,666",,Round 17
18,Colorado Avalanche,C/LW,Sebastian Aho,76,22,"$8,454,000",,Round 18
19,Boston Bruins,C,Bo Horvat,77,24,"$5,500,000",,Round 19
20,New Jersey Devils,C,Anthony Cirelli,73,22,"$728,333",,Round 20
21,Tampa Bay Lightning,G,Anton Khudobin,81,33,"$2,500,000",,Round 21
22,Los Angeles Kings,G,Andrei Vasilevskiy,80,25,"$3,500,000",,Round 22
23,Calgary Flames,RW,Nikita Kucherov,77,26,"$9,500,000",,Round 23
24,Montreal Canadiens,G,Carter Hart,74,21,"$730,833",,Round 24
25,Edmonton Oilers,D,Rasmus Dahlin,69,19,"$925,000",,Round 25
26,Ottawa Senators,RW,Mitch Marner,76,22,"$10,893,000",,Round 26
27,Chicago Blackhawks,RW,Mikko Rantanen,74,23,"$9,250,000",,
28,San Jose Sharks,G,Ben Bishop,80,33,"$4,916,666",,
29,Florida Panthers,G,Carey Price,78,32,"$10,500,000",,
30,Seattle Kraken,RW,Patrick Kane,79,31,"$10,500,000",,
31,Dallas Stars,C/LW/RW,J.T. Miller,79,26,"$5,250,000",,
32,Arizona Coyotes,LW,Alex Ovechkin,79,34,"$9,538,462",,
Round 2,,,,,,,,
,,,,,,,,
OVR,Team,Position,Name,Overall,Age,Salary,,QUICKLINKS
33,Arizona Coyotes,G,Jacob Markstrom,78,30,"$3,666,667",,Round 1
34,Dallas Stars,LW,Brad Marchand,79,31,"$6,125,000",,Round 2
35,Anaheim Ducks,C,Dylan Larkin,76,23,"$6,100,000",,Round 3
36,Florida Panthers,C/RW,Steven Stamkos,77,30,"$8,500,000",,Round 4
37,San Jose Sharks,C,Sidney Crosby,79,32,"$8,700,000",,Round 5
38,Chicago Blackhawks,D,Victor Hedman,78,29,"$7,875,000",,Round 6
39,Ottawa Senators,C,Mathew Barzal,73,22,"$863,333",,Round 7
40,Edmonton Oilers,LW/RW,Patrik Laine,74,21,"$6,750,000",,Round 8
41,Montreal Canadiens,C/LW,Pierre-Luc Dubois,72,21,"$894,166",,Round 9
42,Calgary Flames,D,Seth Jones,75,25,"$5,400,000",,Round 10
43,Los Angeles Kings,D,Colton Parayko,75,26,"$5,500,000",,Round 11
44,Tampa Bay Lightning,D,Brent Burns,79,34,"$8,000,000",,Round 12
45,New Jersey Devils,C,Nico Hischier,72,21,"$925,000",,Round 13
46,Colorado Avalanche,LW,Jonathan Huberdeau,76,26,"$5,900,000",,Round 14
47,Colorado Avalanche,D,John Carlson,77,30,"$8,000,000",,Round 15
48,Columbus Blue Jackets,C,Jonathan Toews,78,31,"$10,500,000",,Round 16
49,Pittsburgh Penguins,C/RW,Elias Lindholm,76,25,"$4,850,000",,Round 17
50,NY Rangers,LW,Kyle Connor,76,23,"$7,142,857",,Round 18
51,Washington Capitals,D,Ivan Provorov,76,23,"$6,750,000",,Round 19
52,Winnipeg Jets,LW/RW,Matthew Tkachuk,74,22,"$7,000,000",,Round 20
53,Seattle Kraken,C,Sean Couturier,77,27,"$4,333,333",,Round 21
54,Philadelphia Flyers,C,Anze Kopitar,78,32,"$10,000,000",,Round 22
55,Vegas Golden Knights,D,Thomas Chabot,72,23,"$863,333",,Round 23
56,Toronto Maple Leafs,D,Roman Josi,77,29,"$4,000,000",,Round 24
57,Carolina Hurricanes,LW,Gabriel Landeskog,76,27,"$5,571,429",,Round 25
58,Detroit Red Wings,C,Evgeni Malkin,78,33,"$9,500,000",,Round 26
59,Nashville Predators,LW/RW,Travis Konecny,74,22,"$5,500,000",,
60,Vancouver Canucks,D,Zach Werenski,72,22,"$7,500,000",,
61,Toronto Maple Leafs,D,Miro Heiskanen,72,20,"$894,166",,
62,St. Louis Blues,D,Filip Hronek,74,22,"$714,166",,
63,Buffalo Sabres,D,Esa Lindell,76,25,"$5,800,000",,
64,NY Islanders,LW/RW,Teuvo Teravainen,75,25,"$5,400,000",,
Round 3,,,,,,,,
,,,,,,,,
OVR,Team,Position,Name,Overall,Age,Salary,,QUICKLINKS
65,NY Islanders,C/RW,Tyler Seguin,75,28,"$9,850,000",,Round 1
66,Buffalo Sabres,D,Darnell Nurse,75,25,"$3,200,000",,Round 2
67,St. Louis Blues,LW/RW,Jake Guentzel,74,25,"$6,000,000",,Round 3
68,Minnesota Wild,D,Charlie McAvoy,74,22,"$4,900,000",,Round 4
69,Vancouver Canucks,LW,Brady Tkachuk,72,20,"$925,000",,Round 5
70,Nashville Predators,RW,Brock Boeser,74,23,"$5,875,000",,Round 6
71,Detroit Red Wings,C,Patrice Bergeron,78,34,"$6,875,000",,Round 7
72,Carolina Hurricanes,D,Aaron Ekblad,74,24,"$7,500,000",,Round 8
73,Pittsburgh Penguins,RW,Mark Stone,76,27,"$9,500,000",,Round 9
74,Vegas Golden Knights,G,Ilya Samsonov,70,23,"$925,000",,Round 10
75,Philadelphia Flyers,C/RW,Blake Wheeler,78,33,"$8,250,000",,Round 11
76,Seattle Kraken,G,Elvis Merzlikins,74,25,"$874,125",,Round 12
77,Winnipeg Jets,C/LW,Ryan Nugent-Hopkins,77,26,"$6,000,000",,Round 13
78,Washington Capitals,LW/RW,Johnny Gaudreau,71,26,"$6,750,001",,Round 14
79,NY Rangers,D,Dougie Hamilton,76,26,"$5,750,000",,Round 15
80,Pittsburgh Penguins,C/LW/RW,Claude Giroux,77,32,"$8,275,000",,Round 16
81,Columbus Blue Jackets,G,Robin Lehner,77,28,"$5,000,000",,Round 17
82,Anaheim Ducks,LW,Filip Forsberg,73,25,"$6,000,000",,Round 18
83,Anaheim Ducks,LW/RW,Timo Meier,73,23,"$6,000,000",,Round 19
84,New Jersey Devils,C/LW,Pavel Zacha,70,22,"$1,750,000",,Round 20
85,Tampa Bay Lightning,G,Frederik Andersen,77,30,"$5,000,000",,Round 21
86,Los Angeles Kings,C/LW,Jack Hughes,63,18,"$925,001",,Round 22
87,Calgary Flames,G,John Gibson,72,26,"$6,400,000",,Round 23
88,Montreal Canadiens,D,Morgan Rielly,74,25,"$5,000,000",,Round 24
89,Edmonton Oilers,C/LW,Tomas Hertl,75,26,"$5,625,000",,Round 25
90,Ottawa Senators,C/RW,William Nylander,72,23,"$6,962,366",,Round 26
91,Chicago Blackhawks,LW/RW,Alex DeBrincat,71,22,"$778,333",,
92,San Jose Sharks,D,Drew Doughty,77,30,"$11,000,000",,
93,Florida Panthers,LW,Chris Kreider,76,28,"$4,625,000",,
94,Boston Bruins,D,Mikhail Sergachev,72,21,"$894,166",,
95,Dallas Stars,G,Semyon Varlamov,77,31,"$5,000,000",,
96,Arizona Coyotes,D,Matt Niskanen,76,33,"$5,750,000",,
Round 4,,,,,,,,
,,,,,,,,
OVR,Team,Position,Name,Overall,Age,Salary,,QUICKLINKS
97,Arizona Coyotes,RW,T.J. Oshie,75,33,"$5,750,000",,Round 1
98,Dallas Stars,D,Kris Letang,77,32,"$7,250,000",,Round 2
99,NY Rangers,C,John Tavares,76,29,"$11,000,000",,Round 3
100,Florida Panthers,C/LW,Max Domi,71,24,"$3,150,000",,Round 4
101,San Jose Sharks,D,Alexander Edler,77,33,"$6,000,000",,Round 5
102,Chicago Blackhawks,G,Jordan Binnington,74,26,"$4,400,000",,Round 6
103,Ottawa Senators,D,Rasmus Ristolainen,75,25,"$5,400,000",,Round 7
104,Edmonton Oilers,G,Mackenzie Blackwood,75,24,"$697,500",,Round 8
105,Montreal Canadiens,D,Adam Fox,64,22,"$925,001",,Round 9
106,Calgary Flames,C,Ryan O'Reilly,76,29,"$7,500,000",,Round 10
107,Los Angeles Kings,RW,Kaapo Kakko,64,19,"$925,002",,Round 11
108,Tampa Bay Lightning,D,Shea Weber,77,34,"$7,857,143",,Round 12
109,New Jersey Devils,C/RW,Sam Reinhart,73,24,"$3,650,000",,Round 13
110,Anaheim Ducks,LW/RW,Anthony Mantha,73,25,"$3,300,000",,Round 14
111,Colorado Avalanche,G,Juuse Saros,72,24,"$1,500,000",,Round 15
112,Columbus Blue Jackets,D,Ryan Suter,77,35,"$7,538,461",,Round 16
113,Minnesota Wild,LW/RW,Jakub Vrana,72,24,"$3,350,000",,Round 17
114,Boston Bruins,D,Jakob Chychrun,71,21,"$4,600,000",,Round 18
115,Washington Capitals,G,Philipp Grubauer,75,28,"$3,333,333",,Round 19
116,Winnipeg Jets,LW/RW,Nikolaj Ehlers,70,24,"$6,000,000",,Round 20
117,Seattle Kraken,C,Sean Monahan,73,25,"$6,375,000",,Round 21
118,Philadelphia Flyers,D,Travis Sanheim,69,23,"$3,250,000",,Round 22
119,Vegas Golden Knights,D,Shea Theodore,69,24,"$5,200,000",,Round 23
120,Minnesota Wild,D,Jaccob Slavin,74,25,"$5,300,000",,Round 24
121,Carolina Hurricanes,C,Evgeny Kuznetsov,74,27,"$7,800,000",,Round 25
122,Detroit Red Wings,G,Corey Crawford,77,35,"$6,000,000",,Round 26
123,Nashville Predators,G,Darcy Kuemper,76,29,"$1,850,000",,
124,Vancouver Canucks,C/RW/LW,Clayton Keller,70,21,"$885,833",,
125,Toronto Maple Leafs,RW,Vladimir Tarasenko,73,28,"$7,500,000",,
126,St. Louis Blues,D,Ryan Graves,70,24,"$735,000",,
127,Buffalo Sabres,D,Hampus Lindholm,74,26,"$5,205,556",,
128,NY Islanders,D,Oscar Klefbom,75,26,"$4,167,000",,
Round 5,,,,,,,,
,,,,,,,,
OVR,Team,Position,Name,Overall,Age,Salary,,QUICKLINKS
129,NY Islanders,D,Noah Hanifin,72,23,"$4,950,000",,Round 1
130,Buffalo Sabres,LW/RW,Bryan Rust,75,27,"$3,500,000",,Round 2
131,St. Louis Blues,G,Joonas Korpisalo,72,25,"$1,150,000",,Round 3
132,Toronto Maple Leafs,D,Alex Pietrangelo,75,30,"$6,500,000",,Round 4
133,Vancouver Canucks,D,Oliver Ekman-Larsson,74,28,"$8,250,000",,Round 5
134,Nashville Predators,D,Mathew Dumba,70,25,"$6,000,000",,Round 6
135,Detroit Red Wings,D,Jacob Trouba,76,26,"$8,000,000",,Round 7
136,Carolina Hurricanes,LW/RW,Kevin Fiala,72,23,"$1,750,000",,Round 8
137,Minnesota Wild,D,Brandon Carlo,72,23,"$2,850,000",,Round 9
138,Vegas Golden Knights,C/RW,Robert Thomas,67,20,"$894,166",,Round 10
139,Philadelphia Flyers,G,Marcus Hogberg,66,25,"$700,000",,Round 11
140,Chicago Blackhawks,C,Nick Suzuki,67,20,"$863,335",,Round 12
141,Winnipeg Jets,D,Brett Pesce,71,25,"$4,025,000",,Round 13
142,Washington Capitals,D,Samuel Girard,69,21,"$728,333",,Round 14
143,Boston Bruins,D,Zdeno Chara,76,42,"$2,000,000",,Round 15
144,Pittsburgh Penguins,D,Damon Severson,75,25,"$4,166,666",,Round 16
145,Columbus Blue Jackets,C,Nicklas Backstrom,76,32,"$6,700,000",,Round 17
146,Colorado Avalanche,C/LW,Brayden Schenn,74,28,"$5,125,000",,Round 18
147,Anaheim Ducks,C,Kirby Dach,64,19,"$925,001",,Round 19
148,New Jersey Devils,C,William Karlsson,73,27,"$5,900,000",,Round 20
149,Tampa Bay Lightning,D,Mark Giordano,76,36,"$6,750,000",,Round 21
150,Los Angeles Kings,C/LW,Casey Mittelstadt,63,21,"$925,000",,Round 22
151,Calgary Flames,RW,Tom Wilson,73,25,"$5,166,666",,Round 23
152,Montreal Canadiens,LW/RW,Victor Olofsson,67,24,"$767,500",,Round 24
153,Edmonton Oilers,RW,Kailer Yamamoto,67,21,"$894,166",,Round 25
154,Ottawa Senators,G,Pavel Francouz,74,29,"$950,000",,Round 26
155,Seattle Kraken,D,Ryan Pulock,73,25,"$2,000,000",,
156,San Jose Sharks,G,Mikko Koskinen,76,31,"$4,500,000",,
157,Florida Panthers,LW/RW,Anthony Duclair,72,24,"$1,650,000",,
158,Boston Bruins,LW/RW,Jake Debrusk,68,23,"$863,333",,
159,Dallas Stars,G,Linus Ullmark,75,26,"$1,325,000",,
160,Arizona Coyotes,C/LW,Nazem Kadri,73,29,"$4,500,000",,
Round 6,,,,,,,,
,,,,,,,,
OVR,Team,Position,Name,Overall,Age,Salary,,QUICKLINKS
161,Arizona Coyotes,D,Travis Hamonic,73,29,"$3,857,143",,Round 1
162,Dallas Stars,LW,Taylor Hall,73,28,"$6,000,000",,Round 2
163,NY Rangers,D,Adam Pelech,72,25,"$1,600,000",,Round 3
164,Florida Panthers,C/RW,Ryan Strome,75,26,"$3,100,000",,Round 4
165,San Jose Sharks,D,Anthony DeAngelo,68,24,"$925,000",,Round 5
166,Chicago Blackhawks,D,Adam Boqvist,61,19,"$894,168",,Round 6
167,Ottawa Senators,G,Tristan Jarry,75,25,"$675,000",,Round 7
168,Edmonton Oilers,D,Ryan Ellis,74,29,"$6,250,000",,Round 8
169,Montreal Canadiens,LW,Joel Farabee,62,20,"$925,004",,Round 9
170,Calgary Flames,D,John Klingberg,69,27,"$4,250,000",,Round 10
171,Los Angeles Kings,LW/RW,Filip Zadina,65,20,"$894,167",,Round 11
172,Tampa Bay Lightning,C/LW,Brock Nelson,75,28,"$6,000,000",,Round 12
173,New Jersey Devils,G,Alexandar Georgiev,68,24,"$792,500",,Round 13
174,Anaheim Ducks,C/RW,Martin Necas,66,21,"$863,333",,Round 14
175,Colorado Avalanche,D,Torey Krug,70,28,"$5,250,000",,Round 15
176,Columbus Blue Jackets,LW,Evander Kane,75,28,"$7,000,000",,Round 16
177,Pittsburgh Penguins,C,Jean-Gabriel Pageau,73,27,"$3,100,000",,Round 17
178,NY Rangers,G,Marc-Andre Fleury,75,35,"$7,000,000",,Round 18
179,Washington Capitals,D,Jonas Brodin,72,26,"$4,166,667",,Round 19
180,Winnipeg Jets,G,Thatcher Demko,64,24,"$1,050,000",,Round 20
181,Seattle Kraken,LW,Max Pacioretty,74,31,"$7,000,000",,Round 21
182,Anaheim Ducks,D,Neal Pionk,71,24,"$3,000,000",,Round 22
183,Vegas Golden Knights,D,Rasmus Sandin,60,19,"$894,167",,Round 23
184,Colorado Avalanche,LW/RW,Tyler Bertuzzi,72,25,"$1,400,000",,Round 24
185,Carolina Hurricanes,C/RW,Cody Glass,61,20,"$863,335",,Round 25
186,Detroit Red Wings,C,Dylan Strome,69,22,"$863,333",,Round 26
187,Nashville Predators,D,Noah Dobson,59,20,"$894,170",,
188,Vancouver Canucks,D,Josh Morrissey,69,24,"$3,150,000",,
189,Toronto Maple Leafs,C,Phillip Danault,73,27,"$3,083,333",,
190,St. Louis Blues,C/LW/RW,Roope Hintz,69,23,"$811,667",,
191,Buffalo Sabres,LW/RW,Pavel Buchnevich,70,24,"$3,250,000",,
192,NY Islanders,C/LW,Anthony Beauvillier,70,22,"$1,750,000",,
Round 7,,,,,,,,
,,,,,,,,
OVR,Team,Position,Name,Overall,Age,Salary,,QUICKLINKS
193,NY Islanders,D,Connor Murphy,72,26,"$3,850,000",,Round 1
194,Buffalo Sabres,C,Jesperi Kotkaniemi,63,19,"$925,000",,Round 2
195,St. Louis Blues,LW/RW,Dominik Kubalik,67,24,"$925,005",,Round 3
196,Toronto Maple Leafs,RW,Brendan Gallagher,72,27,"$3,750,000",,Round 4
197,Vancouver Canucks,G,Matt Murray,64,25,"$3,750,000",,Round 5
198,Vancouver Canucks,C,Adam Gaudette,63,23,"$916,666",,Round 6
199,Detroit Red Wings,C,Sam Steel,64,22,"$863,333",,Round 7
200,Carolina Hurricanes,RW/LW,Andre Burakovsky,70,25,"$3,250,000",,Round 8
201,Minnesota Wild,RW,Jakob Silfverberg,73,29,"$5,250,000",,Round 9
202,Vegas Golden Knights,C/RW,Drake Batherson,66,21,"$736,666",,Round 10
203,Philadelphia Flyers,C/LW,Adrian Kempe,71,23,"$1,750,000",,Round 11
204,Seattle Kraken,LW/RW,Alex Killorn,75,30,"$4,450,000",,Round 12
205,Winnipeg Jets,C/LW/RW,Nick Schmaltz,68,24,"$5,850,000",,Round 13
206,Washington Capitals,LW,Jaden Schwartz,73,27,"$5,350,000",,Round 14
207,NY Rangers,LW/RW,Mike Hoffman,73,30,"$5,187,500",,Round 15
208,Pittsburgh Penguins,D,Brady Skjei,72,25,"$5,250,000",,Round 16
209,Columbus Blue Jackets,D,Erik Karlsson,75,29,"$11,500,000",,Round 17
210,Minnesota Wild,C,Filip Chytil,65,20,"$894,166",,Round 18
211,Philadelphia Flyers,LW,Rickard Rakell,72,26,"$3,789,444",,Round 19
212,New Jersey Devils,LW/RW,Oliver Bjorkstrand,70,24,"$2,500,000",,Round 20
213,Tampa Bay Lightning,C,Logan Couture,75,30,"$8,000,000",,Round 21
214,Los Angeles Kings,D,Erik Brannstrom,61,20,"$863,333",,Round 22
215,Calgary Flames,D,Mattias Ekholm,74,29,"$3,750,000",,Round 23
216,Montreal Canadiens,C/RW,Jordan Kyrou,59,21,"$758,333",,Round 24
217,Edmonton Oilers,C/RW,Charlie Coyle,72,27,"$3,200,000",,Round 25
218,Ottawa Senators,D,Jeff Petry,75,32,"$5,500,000",,Round 26
219,Chicago Blackhawks,LW/RW,Jesper Bratt,69,21,"$749,167",,
220,San Jose Sharks,LW/RW,Kasperi Kapanen,70,23,"$3,200,000",,
221,Florida Panthers,C,Matt Duchene,72,29,"$8,000,000",,
222,Boston Bruins,LW/RW,Alex Tuch,66,23,"$4,750,000",,
223,Dallas Stars,RW,Tyler Toffoli,72,27,"$4,600,000",,
224,Arizona Coyotes,C,Mikael Backlund,72,30,"$5,350,000",,
Round 8,,,,,,,,
,,,,,,,,
OVR,Team,Position,Name,Overall,Age,Salary,,QUICKLINKS
225,Arizona Coyotes,LW,Alex Iafallo,72,26,"$2,425,000",,Round 1
226,Dallas Stars,D,Tyson Barrie,70,28,"$5,500,000",,Round 2
227,Boston Bruins,D,Ethan Bear,68,22,"$720,000",,Round 3
228,Florida Panthers,D,Nikita Zadorov,70,24,"$3,200,000",,Round 4
229,San Jose Sharks,C/RW,Luke Kunin,69,22,"$925,000",,Round 5
230,Chicago Blackhawks,D,Erik Cernak,71,23,"$697,500",,Round 6
231,Ottawa Senators,D,John Marino,67,22,"$925,002",,Round 7
232,Edmonton Oilers,C/LW/RW,Kevin Hayes,73,27,"$7,142,857",,Round 8
233,Montreal Canadiens,LW,Lawson Crouse,69,22,"$1,533,333",,Round 9
234,Calgary Flames,LW,Tomas Tatar,73,29,"$4,800,000",,Round 10
235,Los Angeles Kings,D,Henri Jokiharju,66,20,"$925,000",,Round 11
236,Tampa Bay Lightning,LW/RW,Conor Garland,68,23,"$775,000",,Round 12
237,New Jersey Devils,D,Jonas Siegenthaler,67,22,"$714,166",,Round 13
238,Pittsburgh Penguins,D,Mirco Mueller,68,25,"$1,400,000",,Round 14
239,Colorado Avalanche,C/RW,Dillon Dube,62,21,"$778,333",,Round 15
240,Columbus Blue Jackets,D,Marcus Pettersson,69,23,"$874,125",,Round 16
241,Pittsburgh Penguins,LW/RW,David Perron,73,31,"$4,000,000",,Round 17
242,NY Rangers,LW,Zach Hyman,71,27,"$2,250,000",,Round 18
243,Washington Capitals,C,Ryan Johansen,72,27,"$8,000,000",,Round 19
244,Winnipeg Jets,D,Vince Dunn,64,23,"$722,500",,Round 20
245,Seattle Kraken,C/LW/RW,Blake Coleman,72,28,"$1,800,000",,Round 21
246,Philadelphia Flyers,C/RW,J.T. Compher,70,24,"$3,500,000",,Round 22
247,Winnipeg Jets,D,Dante Fabbro,63,21,"$925,001",,Round 23
248,Minnesota Wild,RW,Kyle Palmieri,73,29,"$4,650,000",,Round 24
249,Carolina Hurricanes,D,Cam Fowler,71,28,"$6,500,000",,Round 25
250,Detroit Red Wings,C/RW,Jack Roslovic,64,23,"$894,166",,Round 26
251,Nashville Predators,D,Rasmus Andersson,67,23,"$755,833",,
252,Vancouver Canucks,D,Dennis Cholowski,63,22,"$894,166",,
253,Toronto Maple Leafs,LW/RW,Jason Zucker,71,28,"$5,500,000",,
254,St. Louis Blues,D,Victor Mete,65,21,"$748,333",,
255,Buffalo Sabres,LW,Oskar Lindblom,69,23,"$925,000",,
256,NY Islanders,G,Petr Mrazek,70,28,"$3,125,000",,
Round 9,,,,,,,,
,,,,,,,,
OVR,Team,Position,Name,Overall,Age,Salary,,QUICKLINKS
257,NY Islanders,C/LW/RW,Alexander Wennberg,70,25,"$4,900,000",,Round 1
258,Buffalo Sabres,C/RW,Colin White,66,23,"$2,500,000",,Round 2
259,St. Louis Blues,RW,Ondrej Kase,66,24,"$2,600,000",,Round 3
260,Toronto Maple Leafs,G,Jake Allen,74,29,"$4,350,000",,Round 4
261,Nashville Predators,LW,Andrew Mangiapane,65,23,"$715,000",,Round 5
262,Seattle Kraken,LW/RW,Connor Brown,72,26,"$2,100,000",,Round 6
263,Detroit Red Wings,D,Alex Goligoski,75,34,"$5,475,000",,Round 7
264,Carolina Hurricanes,C/LW,Tyson Jost,66,21,"$885,833",,Round 8
265,Minnesota Wild,C,Christian Dvorak,70,24,"$4,450,000",,Round 9
266,Vegas Golden Knights,C,Vincent Trocheck,70,26,"$4,750,000",,Round 10
267,Philadelphia Flyers,D,Scott Mayfield,70,27,"$1,450,000",,Round 11
268,Seattle Kraken,LW/RW,Jakub Voracek,74,30,"$8,250,000",,Round 12
269,Winnipeg Jets,RW,Jake Virtanen,67,23,"$1,250,000",,Round 13
270,Washington Capitals,LW,Jonathan Drouin,69,24,"$5,500,000",,Round 14
271,NY Rangers,C/LW,Adam Henrique,73,30,"$5,825,000",,Round 15
272,San Jose Sharks,LW/RW,Reilly Smith,72,28,"$5,000,000",,Round 16
273,Columbus Blue Jackets,C/LW,Chris Tierney,72,25,"$2,937,500",,Round 17
274,Colorado Avalanche,D,Phillippe Myers,64,23,"$678,889",,Round 18
275,San Jose Sharks,C/LW,Jamie Benn,73,30,"$9,500,000",,Round 19
276,New Jersey Devils,D,Ian Cole,72,31,"$4,250,000",,Round 20
277,Tampa Bay Lightning,C/LW,Boone Jenner,72,26,"$3,750,000",,Round 21
278,Los Angeles Kings,D,Travis Dermott,65,23,"$863,333",,Round 22
279,Calgary Flames,LW,Max Comtois,63,21,"$820,003",,Round 23
280,Montreal Canadiens,C/LW,Ryan Poehling,58,21,"$925,000",,Round 24
281,Edmonton Oilers,D,Jared Spurgeon,74,30,"$5,187,500",,Round 25
282,Ottawa Senators,RW,Gustav Nyquist,72,30,"$5,500,000",,Round 26
283,Boston Bruins,LW/RW,Kevin Labanc,69,24,"$1,000,000",,
284,San Jose Sharks,RW,Viktor Arvidsson,68,26,"$4,250,000",,
285,Florida Panthers,C/LW/RW,Andreas Athanasiou,69,25,"$3,000,000",,
286,Boston Bruins,D,Shayne Gostisbehere,65,26,"$4,500,000",,
287,Dallas Stars,LW/RW,Evgenii Dadonov,71,30,"$4,000,000",,
288,Arizona Coyotes,D,Patrik Nemeth,72,28,"$3,000,000",,
Round 10,,,,,,,,
,,,,,,,,
OVR,Team,Position,Name,Overall,Age,Salary,,QUICKLINKS
289,Arizona Coyotes,C/RW,Travis Boyd,61,26,"$800,000",,Round 1
290,Dallas Stars,D,Justin Schultz,66,29,"$5,500,000",,Round 2
291,Boston Bruins,C/LW,Jared McCann,69,23,"$1,250,000",,Round 3
292,Florida Panthers,LW/RW,Alexander Nylander,65,21,"$863,333",,Round 4
293,San Jose Sharks,C/LW/RW,Joel Eriksson Ek,69,23,"$800,000",,Round 5
294,Boston Bruins,G,Adin Hill,67,23,"$708,750",,Round 6
295,Ottawa Senators,LW/RW,Phil Kessel,71,32,"$6,800,000",,Round 7
296,Edmonton Oilers,LW,Anders Lee,72,29,"$7,000,000",,Round 8
297,Montreal Canadiens,C,Logan Brown,60,21,"$863,333",,Round 9
298,Calgary Flames,C/LW,Robby Fabbri,66,24,"$900,000",,Round 10
299,Los Angeles Kings,C/LW/RW,Brett Howden,66,21,"$863,333",,Round 11
300,Tampa Bay Lightning,LW,Tanner Pearson,72,27,"$3,750,000",,Round 12
301,New Jersey Devils,D,Erik Gudbranson,71,28,"$4,000,000",,Round 13
302,Anaheim Ducks,C,Alexandre Texier,61,20,"$897,501",,Round 14
303,Colorado Avalanche,LW/RW,Denis Gurianov,64,22,"$894,166",,Round 15
304,Columbus Blue Jackets,D,Brayden McNabb,73,29,"$2,500,000",,Round 16
305,Pittsburgh Penguins,LW/RW,Josh Bailey,72,30,"$5,000,000",,Round 17
306,NY Rangers,D,Ben Chiarot,72,28,"$3,500,000",,Round 18
307,Washington Capitals,D,Adam Larsson,71,27,"$4,166,666",,Round 19
308,Winnipeg Jets,D,Nicolas Hague,62,21,"$791,668",,Round 20
309,Nashville Predators,C,Lars Eller,73,30,"$3,500,000",,Round 21
310,Minnesota Wild,C/LW,Radek Faksa,70,26,"$2,200,000",,Round 22
311,Vegas Golden Knights,G,Braden Holtby,68,30,"$6,100,000",,Round 23
312,Minnesota Wild,LW/RW,Brendan Lemieux,66,23,"$800,000",,Round 24
313,Carolina Hurricanes,D,Justin Faulk,71,27,"$4,833,333",,Round 25
314,Detroit Red Wings,C/LW,Lias Andersson,60,21,"$894,166",,Round 26
315,Nashville Predators,LW,Jeff Skinner,69,27,"$9,000,000",,
316,Vancouver Canucks,C/LW/RW,Tyler Johnson,69,29,"$5,000,000",,
317,Toronto Maple Leafs,D,Nate Schmidt,70,28,"$5,950,000",,
318,St. Louis Blues,D,Haydn Fleury,63,23,"$850,000",,
319,Buffalo Sabres,D,Jake Muzzin,74,31,"$4,000,000",,
320,NY Islanders,D,Dmitry Orlov,72,28,"$5,100,000",,
Round 11,,,,,,,,
,,,,,,,,
OVR,Team,Position,Name,Overall,Age,Salary,,QUICKLINKS
321,NY Islanders,LW/RW,Brandon Saad,71,27,"$6,000,000",,Round 1
322,Buffalo Sabres,C,Nick Bonino,73,31,"$4,100,000",,Round 2
323,St. Louis Blues,D,Mario Ferraro,63,21,"$925,001",,Round 3
324,San Jose Sharks,C/LW,Scott Laughton,69,25,"$2,300,000",,Round 4
325,Vancouver Canucks,C/LW,Ryan Donato,65,23,"$1,900,000",,Round 5
326,Nashville Predators,LW/RW,Jordan Greenway,68,23,"$916,666",,Round 6
327,Detroit Red Wings,C/LW,Henrik Borgstrom,61,22,"$925,000",,Round 7
328,Carolina Hurricanes,D,Matt Grzelcyk,67,26,"$1,400,000",,Round 8
329,Anaheim Ducks,D,Olli Maatta,71,25,"$4,083,333",,Round 9
330,Vancouver Canucks,LW/RW,Jonathan Marchessault,69,29,"$5,000,001",,Round 10
331,Philadelphia Flyers,LW/RW,Warren Foegele,63,23,"$746,667",,Round 11
332,Seattle Kraken,D,Ryan McDonagh,74,30,"$6,750,000",,Round 12
333,Winnipeg Jets,LW,Nick Ritchie,66,24,"$1,498,925",,Round 13
334,Washington Capitals,RW,Joel Armia,70,26,"$2,600,000",,Round 14
335,NY Rangers,C,Eric Staal,73,35,"$3,250,000",,Round 15
336,Pittsburgh Penguins,C/RW,Noel Acciari,69,27,"$1,666,667",,Round 16
337,Columbus Blue Jackets,C,Isac Lundestrom,61,20,"$925,000",,Round 17
338,Colorado Avalanche,RW,Ilya Mikheyev,66,25,"$500,002",,Round 18
339,Philadelphia Flyers,D,Troy Stecher,68,25,"$2,325,000",,Round 19
340,New Jersey Devils,G,David Rittich,72,27,"$2,750,000",,Round 20
341,Tampa Bay Lightning,D,Calvin de Haan,73,28,"$4,550,000",,Round 21
342,Los Angeles Kings,D,Jacob Larsson,65,22,"$894,166",,Round 22
343,Calgary Flames,LW,Nikita Gusev,67,27,"$4,500,001",,Round 23
344,Montreal Canadiens,RW,Josh Anderson,66,25,"$765,000",,Round 24
345,Edmonton Oilers,C,Casey Cizikas,70,29,"$3,350,000",,Round 25
346,Ottawa Senators,C,Jordan Staal,71,31,"$6,000,000",,Round 26
347,Chicago Blackhawks,LW/RW,Artturi Lehkonen,67,24,"$2,400,000",,
348,Anaheim Ducks,LW,Ondrej Palat,71,28,"$5,300,000",,
349,Florida Panthers,D,Kevin Shattenkirk,69,31,"$1,750,000",,
350,Chicago Blackhawks,C/LW/RW,Mikael Granlund,70,28,"$5,750,000",,
351,Dallas Stars,LW/RW,Valeri Nichushkin,67,24,"$800,000",,
352,Arizona Coyotes,D,Chris Tanev,73,30,"$4,450,000",,
Round 12,,,,,,,,
,,,,,,,,
OVR,Team,Position,Name,Overall,Age,Salary,,QUICKLINKS
353,Arizona Coyotes,C/LW,Ivan Barbashev,68,24,"$1,250,000",,Round 1
354,Dallas Stars,LW/RW,Alex Chiasson,67,29,"$2,150,000",,Round 2
355,Chicago Blackhawks,RW,Cam Atkinson,72,30,"$5,875,000",,Round 3
356,Florida Panthers,D,David Savard,74,29,"$4,250,000",,Round 4
357,Vegas Golden Knights,C/LW,Alexander Kerfoot,67,25,"$3,500,000",,Round 5
358,Chicago Blackhawks,D,Brenden Dillon,73,29,"$3,270,000",,Round 6
359,Ottawa Senators,D,Nikita Zaitsev,72,28,"$4,500,000",,Round 7
360,Edmonton Oilers,D,Tyler Myers,73,30,"$6,000,000",,Round 8
361,Montreal Canadiens,D,Brandon Montour,68,25,"$3,387,500",,Round 9
362,Calgary Flames,C,Emil Bemstrom,61,20,"$925,001",,Round 10
363,Los Angeles Kings,G,Sam Montembeault,56,23,"$708,750",,Round 11
364,Tampa Bay Lightning,C/RW,Oskar Sundqvist,68,25,"$2,750,000",,Round 12
365,New Jersey Devils,C/LW/RW,Jason Dickinson,67,24,"$1,500,000",,Round 13
366,Carolina Hurricanes,RW,Jordan Eberle,71,29,"$5,500,000",,Round 14
367,Colorado Avalanche,C/LW/RW,Dominik Kahun,66,24,"$925,000",,Round 15
368,Columbus Blue Jackets,LW/RW,Andreas Johnsson,67,25,"$3,400,000",,Round 16
369,Pittsburgh Penguins,C/RW,Erik Haula,69,28,"$2,750,000",,Round 17
370,NY Rangers,C/LW,Andrew Copp,70,25,"$2,280,000",,Round 18
371,Washington Capitals,LW/RW,Nino Niederreiter,69,27,"$5,250,000",,Round 19
372,Winnipeg Jets,C/LW/RW,Yanni Gourde,68,28,"$5,166,666",,Round 20
373,Seattle Kraken,D,Erik Johnson,74,31,"$6,000,000",,Round 21
374,Philadelphia Flyers,LW/RW,Daniel Sprong,64,22,"$750,000",,Round 22
375,Vegas Golden Knights,D,Sami Vatanen,72,28,"$4,875,000",,Round 23
376,Minnesota Wild,D,Ryan Lindgren,63,22,"$925,000",,Round 24
377,Anaheim Ducks,LW/RW,Brandon Tanev,70,28,"$3,500,000",,Round 25
378,Detroit Red Wings,LW/RW,Danton Heinen,66,24,"$2,800,000",,Round 26
379,Nashville Predators,LW/RW,Frank Vatrano,68,25,"$2,533,333",,
380,Seattle Kraken,D,Riley Stillman,65,21,"$773,333",,
381,San Jose Sharks,C/RW/LW,Calle Jarnkrok,70,28,"$2,000,000",,
382,St. Louis Blues,D,Joel Edmundson,71,26,"$3,100,000",,
383,Buffalo Sabres,RW,Joey Anderson,64,21,"$800,000",,
384,NY Islanders,LW/RW,Ryan Dzingel,67,27,"$3,375,000",,
Round 13,,,,,,,,
,,,,,,,,
OVR,Team,Position,Name,Overall,Age,Salary,,QUICKLINKS
385,NY Islanders,C/LW,Barclay Goodrow,68,27,"$925,000",,Round 1
386,Buffalo Sabres,D,Libor Hajek,63,22,"$833,333",,Round 2
387,St. Louis Blues,LW,Zach Parise,74,35,"$7,538,461",,Round 3
388,Toronto Maple Leafs,C/LW,Marcus Johansson,70,29,"$4,500,000",,Round 4
389,Vancouver Canucks,D,Robert Hagg,67,25,"$1,150,000",,Round 5
390,Nashville Predators,D,Dylan DeMelo,71,26,"$900,000",,Round 6
391,Detroit Red Wings,LW,Max Jones,62,22,"$863,333",,Round 7
392,Carolina Hurricanes,RW,Zack Kassian,68,29,"$1,950,000",,Round 8
393,Minnesota Wild,C/LW/RW,Noah Gregor,57,21,"$768,334",,Round 9
394,Anaheim Ducks,C,Lucas Wallmark,66,25,"$675,000",,Round 10
395,Philadelphia Flyers,D,Vladislav Gavrikov,67,24,"$500,001",,Round 11
396,Seattle Kraken,D,Duncan Keith,75,36,"$5,538,462",,Round 12
397,Winnipeg Jets,C/LW/RW,Chandler Stephenson,65,25,"$1,050,000",,Round 13
398,Washington Capitals,LW,James van Riemsdyk,71,30,"$7,000,000",,Round 14
399,NY Rangers,D,Jake McCabe,71,26,"$2,850,000",,Round 15
400,Pittsburgh Penguins,RW,Patric Hornqvist,71,33,"$5,300,000",,Round 16
401,Columbus Blue Jackets,C/RW/LW,Vladislav Namestnikov,70,27,"$4,000,000",,Round 17
402,Colorado Avalanche,D,Josh Manson,71,28,"$4,100,000",,Round 18
403,Nashville Predators,D,Devon Toews,66,26,"$700,000",,Round 19
404,New Jersey Devils,C/LW,Nick Foligno,72,32,"$5,500,000",,Round 20
405,Tampa Bay Lightning,LW/RW,Joonas Donskoi,69,27,"$3,900,000",,Round 21
406,Los Angeles Kings,LW/RW,Miles Wood,67,24,"$2,750,000",,Round 22
407,Calgary Flames,C,Ryan Getzlaf,74,34,"$8,250,000",,Round 23
408,Montreal Canadiens,C/RW,Troy Terry,61,22,"$925,000",,Round 24
409,Edmonton Oilers,D,Jack Johnson,72,33,"$3,250,000",,Round 25
410,Ottawa Senators,D,Jason Demers,71,31,"$3,937,500",,Round 26
411,Chicago Blackhawks,C/LW,Derick Brassard,70,32,"$1,250,000",,
412,Toronto Maple Leafs,RW,Jesper Fast,69,28,"$1,850,000",,
413,Florida Panthers,LW/RW,Tyler Ennis,69,30,"$800,000",,
414,Boston Bruins,C/RW,Paul Stastny,71,34,"$6,500,000",,
415,Dallas Stars,C,Derek Stepan,71,29,"$6,500,000",,
416,Arizona Coyotes,C/RW,Jeff Carter,71,35,"$5,272,727",,
Round 14,,,,,,,,
,,,,,,,,
OVR,Team,Position,Name,Overall,Age,Salary,,QUICKLINKS
417,Arizona Coyotes,D,Radko Gudas,71,29,"$2,345,000",,Round 1
418,Dallas Stars,D,T.J. Brodie,70,29,"$4,650,400",,Round 2
419,Boston Bruins,G,Jaroslav Halak,75,34,"$2,750,000",,Round 3
420,Florida Panthers,D,Roman Polak,71,33,"$1,750,000",,Round 4
421,San Jose Sharks,D,MacKenzie Weegar,68,26,"$1,600,000",,Round 5
422,Chicago Blackhawks,D,P.K. Subban,72,30,"$9,000,000",,Round 6
423,Ottawa Senators,C/RW,Luke Glendening,68,30,"$1,800,000",,Round 7
424,Edmonton Oilers,LW,Carl Hagelin,69,31,"$2,750,000",,Round 8
425,Montreal Canadiens,LW,Sammy Blais,63,23,"$850,001",,Round 9
426,Calgary Flames,D,Nick Leddy,71,28,"$5,500,000",,Round 10
427,Los Angeles Kings,C,Teddy Blueger,66,25,"$750,000",,Round 11
428,Tampa Bay Lightning,C,Adam Lowry,67,26,"$2,916,666",,Round 12
429,New Jersey Devils,LW/RW,Tage Thompson,62,22,"$925,000",,Round 13
430,Anaheim Ducks,D,Brian Dumoulin,70,28,"$4,100,000",,Round 14
431,Colorado Avalanche,G,Thomas Greiss,74,34,"$3,333,333",,Round 15
432,Columbus Blue Jackets,C/LW/RW,Colton Sissons,68,26,"$2,857,143",,Round 16
433,Pittsburgh Penguins,G,Antti Raanta,74,30,"$4,250,000",,Round 17
434,NY Rangers,LW/RW,Marcus Foligno,69,28,"$2,875,000",,Round 18
435,Washington Capitals,D,Ryan Murray,69,26,"$4,600,000",,Round 19
436,Winnipeg Jets,C,David Krejci,71,33,"$7,250,000",,Round 20
437,Vegas Golden Knights,D,Erik Gustafsson,68,27,"$1,200,000",,Round 21
438,Philadelphia Flyers,LW/RW,Sonny Milano,62,23,"$874,125",,Round 22
439,Vegas Golden Knights,LW,Rudolfs Balcers,59,22,"$759,167",,Round 23
440,Minnesota Wild,G,James Reimer,73,31,"$3,400,000",,Round 24
441,Carolina Hurricanes,C,Nicolas Roy,61,23,"$720,000",,Round 25
442,Detroit Red Wings,LW,Jesper Boqvist,59,21,"$925,001",,Round 26
443,Vegas Golden Knights,C/LW/RW,Sam Bennett,64,23,"$2,550,000",,
444,Vancouver Canucks,D,Will Butcher,66,25,"$3,733,333",,
445,Toronto Maple Leafs,LW/RW,Ilya Kovalchuk,70,36,"$6,250,000",,
446,St. Louis Blues,C/LW,Cedric Paquette,68,26,"$1,650,000",,
447,Buffalo Sabres,G,Chris Driedger,68,25,"$850,000",,
448,NY Islanders,LW/RW,Brock McGinn,66,26,"$2,100,000",,
Round 15,,,,,,,,
,,,,,,,,
OVR,Team,Position,Name,Overall,Age,Salary,,QUICKLINKS
449,NY Islanders,D,Jonathon Merrill,67,28,"$1,375,000",,Round 1
450,Buffalo Sabres,D,Cody Ceci,71,26,"$4,500,000",,Round 2
451,St. Louis Blues,C,Jay Beagle,67,34,"$3,000,000",,Round 3
452,Toronto Maple Leafs,LW,Zemgus Girgensons,68,26,"$1,600,000",,Round 4
453,Vancouver Canucks,C,Michael McLeod,62,22,"$863,333",,Round 5
454,Nashville Predators,C/LW,Alex Galchenyuk,67,26,"$4,900,000",,Round 6
455,Detroit Red Wings,C,Mitchell Stephens,59,23,"$833,333",,Round 7
456,Carolina Hurricanes,C/LW,Nick Paul,64,24,"$750,000",,Round 8
457,Minnesota Wild,LW,Michael Grabner,66,32,"$3,350,000",,Round 9
458,Vancouver Canucks,C,Jansen Harkins,57,22,"$767,500",,Round 10
459,Philadelphia Flyers,D,Ben Hutton,69,26,"$1,500,000",,Round 11
460,Seattle Kraken,C/LW,Brad Richardson,68,35,"$1,250,000",,Round 12
461,Winnipeg Jets,LW/RW,Carl Grundstrom,62,22,"$925,000",,Round 13
462,Washington Capitals,C/RW,Ryan Hartman,65,25,"$1,900,000",,Round 14
463,NY Rangers,D,Oscar Fantenberg,68,28,"$850,000",,Round 15
464,Pittsburgh Penguins,D,Danny DeKeyser,70,29,"$5,000,000",,Round 16
465,Columbus Blue Jackets,D,Cale Fleury,61,21,"$771,666",,Round 17
466,Colorado Avalanche,RW,Craig Smith,69,30,"$4,250,000",,Round 18
467,Seattle Kraken,C,Travis Zajac,70,34,"$5,750,000",,Round 19
468,New Jersey Devils,D,Jordie Benn,68,32,"$2,000,000",,Round 20
469,Tampa Bay Lightning,C/LW/RW,Rasmus Asplund,60,22,"$845,000",,Round 21
470,Los Angeles Kings,C,Dylan Gambrell,61,23,"$700,000",,Round 22
471,Calgary Flames,D,Sean Walker,66,25,"$745,000",,Round 23
472,Montreal Canadiens,D,Caleb Jones,62,22,"$720,000",,Round 24
473,Edmonton Oilers,LW/RW,Matt Calvert,69,30,"$2,850,000",,Round 25
474,Ottawa Senators,LW/RW,Blake Comeau,69,34,"$2,400,000",,Round 26
475,Chicago Blackhawks,RW,Nicolas Aube-Kubel,61,23,"$700,000",,
476,Toronto Maple Leafs,G,Cam Talbot,73,32,"$2,750,000",,
477,Florida Panthers,LW/RW,Jimmy Vesey,65,26,"$2,275,000",,
478,Boston Bruins,LW/RW,Dustin Brown,72,35,"$5,875,000",,
479,Dallas Stars,C/LW,Derek Grant,68,29,"$700,000",,
480,Arizona Coyotes,RW,Alexander Radulov,70,33,"$6,250,000",,
Round 16,,,,,,,,
,,,,,,,,
OVR,Team,Position,Name,Overall,Age,Salary,,QUICKLINKS
481,Arizona Coyotes,LW/RW,Andrew Cogliano,68,32,"$3,250,000",,Round 1
482,Dallas Stars,D,Mark Borowiecki,71,30,"$1,200,000",,Round 2
483,Boston Bruins,D,Niklas Hjalmarsson,70,32,"$5,000,000",,Round 3
484,Florida Panthers,D,Martin Marincin,65,28,"$700,000",,Round 4
485,San Jose Sharks,D,Mike Matheson,68,26,"$4,875,000",,Round 5
486,Chicago Blackhawks,C/RW,Joe Pavelski,71,35,"$7,000,000",,Round 6
487,Ottawa Senators,C/LW/RW,Colton Sceviour,67,30,"$1,200,000",,Round 7
488,Edmonton Oilers,C,Riley Sheahan,68,28,"$800,000",,Round 8
489,Montreal Canadiens,D,Madison Bowey,66,24,"$1,000,000",,Round 9
490,Calgary Flames,C/RW,Jayce Hawryluk,59,24,"$874,125",,Round 10
491,Los Angeles Kings,D,Marc-Edouard Vlasic,72,32,"$7,000,000",,Round 11
492,Tampa Bay Lightning,LW/RW,Pierre Engvall,63,23,"$925,000",,Round 12
493,New Jersey Devils,C/LW,Carl Soderberg,71,34,"$4,750,000",,Round 13
494,Anaheim Ducks,D,Keith Yandle,70,33,"$6,350,000",,Round 14
495,Colorado Avalanche,LW/RW,Brett Connolly,67,27,"$3,500,000",,Round 15
496,Columbus Blue Jackets,C/LW/RW,Nick Cousins,66,26,"$1,000,000",,Round 16
497,Pittsburgh Penguins,C/LW/RW,David Kampf,66,25,"$1,000,000",,Round 17
498,NY Rangers,D,Deryk Engelland,70,37,"$700,000",,Round 18
499,Washington Capitals,D,Slater Koekkoek,66,26,"$925,000",,Round 19
500,Winnipeg Jets,D,Alec Martinez,70,32,"$4,000,000",,Round 20
501,Anaheim Ducks,D,Oliver Kylington,60,22,"$730,833",,Round 21
502,Philadelphia Flyers,D,Brendan Guhle,63,23,"$697,500",,Round 22
503,Anaheim Ducks,C/LW/RW,Zach Sanford,65,25,"$1,500,000",,Round 23
504,Minnesota Wild,LW/RW,Tyler Motte,64,24,"$975,000",,Round 24
505,Carolina Hurricanes,C,Kyle Turris,69,30,"$6,000,000",,Round 25
506,Detroit Red Wings,RW,Mats Zuccarello,69,32,"$6,000,000",,Round 26
507,Nashville Predators,C,Cody Eakin,66,28,"$3,850,000",,
508,Vegas Golden Knights,C/RW,Andrew Shaw,67,29,"$3,900,000",,
509,Toronto Maple Leafs,RW,Justin Williams,70,38,"$2,000,000",,
510,St. Louis Blues,C/LW,Mattias Janmark,66,27,"$2,300,000",,
511,Buffalo Sabres,C/LW/RW,Curtis Lazar,64,25,"$700,000",,
512,NY Islanders,D,Justin Braun,71,33,"$3,800,000",,
Round 17,,,,,,,,
,,,,,,,,
OVR,Team,Position,Name,Overall,Age,Salary,,QUICKLINKS
513,NY Islanders,C/LW,Sean Kuraly,65,27,"$1,275,000",,Round 1
514,Buffalo Sabres,LW/RW,Josh Leivo,66,26,"$1,500,000",,Round 2
515,St. Louis Blues,G,Sergei Bobrovsky,68,31,"$10,000,000",,Round 3
516,Toronto Maple Leafs,C/RW,Jason Spezza,68,36,"$700,000",,Round 4
517,Vancouver Canucks,LW/RW,James Neal,69,32,"$5,750,000",,Round 5
518,Nashville Predators,D,Sami Niku,60,23,"$775,000",,Round 6
519,Detroit Red Wings,LW,Trevor Moore,62,24,"$775,000",,Round 7
520,Carolina Hurricanes,D,Josh Mahura,58,21,"$745,000",,Round 8
521,Minnesota Wild,D,Anton Stralman,70,33,"$5,500,000",,Round 9
522,San Jose Sharks,LW/RW,Matthew Nieto,67,27,"$1,975,000",,Round 10
523,Philadelphia Flyers,LW,Taro Hirose,59,23,"$925,000",,Round 11
524,Seattle Kraken,C/RW,Carter Rowney,67,30,"$1,133,333",,Round 12
525,Winnipeg Jets,D,Jeremy Lauzon,61,22,"$747,500",,Round 13
526,Washington Capitals,G,Jack Campbell,65,28,"$675,000",,Round 14
527,NY Rangers,C,Johan Larsson,67,27,"$1,550,000",,Round 15
528,Pittsburgh Penguins,D,Andy Greene,73,37,"$5,000,000",,Round 16
529,Columbus Blue Jackets,LW/RW,Anders Bjork,61,23,"$925,000",,Round 17
530,Colorado Avalanche,LW,William Carrier,61,25,"$725,000",,Round 18
531,Anaheim Ducks,D,Matt Roy,65,25,"$700,000",,Round 19
532,New Jersey Devils,D,Kris Russell,70,32,"$4,000,000",,Round 20
533,Tampa Bay Lightning,D,Michael Del Zotto,68,29,"$750,000",,Round 21
534,Los Angeles Kings,D,Ilya Lyubushkin,62,25,"$874,125",,Round 22
535,Calgary Flames,C/LW/RW,Paul Byron,67,30,"$3,400,000",,Round 23
536,Montreal Canadiens,C,Mark Jankowski,63,25,"$1,675,000",,Round 24
537,Edmonton Oilers,RW,Josh Archibald,64,27,"$1,000,000",,Round 25
538,Ottawa Senators,D,Nick Jensen,68,29,"$2,500,000",,Round 26
539,Chicago Blackhawks,C,Blake Lizotte,62,22,"$925,005",,
540,San Jose Sharks,D,Derek Forbort,68,27,"$2,525,000",,
541,Florida Panthers,C/LW/RW,Artem Anisimov,68,31,"$4,550,000",,
542,Boston Bruins,LW/RW,Nikolay Goldobin,64,24,"$1,250,000",,
543,Dallas Stars,C,Joe Thornton,69,40,"$3,000,000",,
544,Arizona Coyotes,C/LW,Patrick Marleau,68,40,"$700,000",Portal Updated,
Round 18,,,,,,,,
,,,,,,,,
OVR,Team,Position,Name,Overall,Age,Salary,,QUICKLINKS
545,Arizona Coyotes,C/RW,Nic Dowd,66,29,"$750,000",,Round 1
546,Dallas Stars,C/RW,Brandon Sutter,68,31,"$4,375,000",,Round 2
547,Boston Bruins,D,Maxime Lajoie,60,22,"$710,000",,Round 3
548,Florida Panthers,D,Justin Holl,65,28,"$675,000",,Round 4
549,Vegas Golden Knights,C,Filip Chlapik,61,22,"$728,333",,Round 5
550,Chicago Blackhawks,LW/RW,Zach Aston-Reese,64,25,"$1,000,000",,Round 6
551,Ottawa Senators,C/RW,Ryan Carpenter,66,29,"$1,000,000",,Round 7
552,Edmonton Oilers,C/LW,Jujhar Khaira,64,25,"$1,200,000",,Round 8
553,Montreal Canadiens,D,Stephen Johns,63,27,"$2,350,002",,Round 9
554,Calgary Flames,C,Mikko Koivu,70,36,"$5,500,000",,Round 10
555,Los Angeles Kings,C/RW,Kevin Stenlund,62,23,"$864,166",,Round 11
556,Tampa Bay Lightning,C/RW,Vinnie Hinostroza,65,25,"$1,500,000",,Round 12
557,New Jersey Devils,C/LW/RW,Derek Ryan,68,33,"$3,125,000",,Round 13
558,Anaheim Ducks,G,Anthony Stolarz,62,26,"$750,000",,Round 14
559,Colorado Avalanche,RW,Ryan Reaves,61,33,"$2,775,000",,Round 15
560,Columbus Blue Jackets,D,Michal Kempny,67,29,"$2,500,000",,Round 16
561,Pittsburgh Penguins,C,Carter Verhaeghe,59,24,"$700,000",,Round 17
562,NY Rangers,C/LW/RW,Chris Wagner,66,28,"$1,250,000",,Round 18
563,Washington Capitals,C/RW,Austin Watson,65,28,"$1,100,000",,Round 19
564,Winnipeg Jets,RW,Christian Fischer,62,22,"$821,666",,Round 20
565,Seattle Kraken,D,Jay Bouwmeester,74,36,"$3,250,000",,Round 21
566,Philadelphia Flyers,RW,Matt Luff,59,23,"$677,777",,Round 22
567,Vegas Golden Knights,D,Christian Wolanin,58,24,"$900,000",,Round 23
568,Minnesota Wild,C,Frederik Gauthier,63,25,"$675,000",,Round 24
569,Carolina Hurricanes,D,Marco Scandella,68,30,"$4,000,000",,Round 25
570,Detroit Red Wings,G,Devan Dubnyk,64,33,"$4,333,333",,Round 26
571,Nashville Predators,LW,Conor Sheary,65,27,"$3,000,000",,
572,Vancouver Canucks,D,Christian Djoos,64,25,"$1,250,000",,
573,Toronto Maple Leafs,C/RW,Karson Kuhlman,58,24,"$750,000",,
574,St. Louis Blues,LW/RW,Richard Panik,66,29,"$2,750,000",,
575,Buffalo Sabres,D,Ron Hainsey,72,38,"$3,500,000",,
576,NY Islanders,LW/RW,Garnet Hathaway,63,28,"$1,500,000",,
Round 19,,,,,,,,
,,,,,,,,
OVR,Team,Position,Name,Overall,Age,Salary,,QUICKLINKS
577,NY Islanders,RW,Cal Clutterbuck,67,32,"$3,500,000",,Round 1
578,Buffalo Sabres,RW,Bobby Ryan,66,32,"$7,250,000",,Round 2
579,St. Louis Blues,LW/RW,Drake Caggiula,64,25,"$1,500,000",,Round 3
580,Toronto Maple Leafs,C/RW,Bryan Little,59,32,"$5,291,666",,Round 4
581,Vancouver Canucks,C,Tyler Bozak,69,33,"$5,000,000",,Round 5
582,Nashville Predators,D,Nick Holden,69,32,"$2,200,000",,Round 6
583,Detroit Red Wings,D,John Moore,67,29,"$2,750,000",,Round 7
584,Carolina Hurricanes,G,Alex Stalock,70,32,"$785,000",,Round 8
585,Minnesota Wild,D,Johnny Boychuk,71,36,"$6,000,000",,Round 9
586,San Jose Sharks,RW,Justin Bailey,64,24,"$700,000",,Round 10
587,Philadelphia Flyers,C/RW,Michael Amadio,61,23,"$700,000",,Round 11
588,Boston Bruins,C/LW/RW,Leo Komarov,66,33,"$3,000,000",,Round 12
589,Winnipeg Jets,G,Jonathan Bernier,72,31,"$3,000,000",,Round 13
590,Washington Capitals,LW/RW,Michael Dal Colle,59,23,"$800,000",,Round 14
591,NY Rangers,C/RW,Riley Nash,65,30,"$2,750,000",,Round 15
592,Pittsburgh Penguins,D,Dylan McIlrath,65,27,"$700,000",,Round 16
593,Columbus Blue Jackets,C/RW,Mason Appleton,60,24,"$741,667",,Round 17
594,Colorado Avalanche,C/RW,Nick Bjugstad,64,27,"$4,100,000",,Round 18
595,Anaheim Ducks,D,Carson Soucy,64,25,"$750,000",,Round 19
596,New Jersey Devils,D,Marc Staal,71,33,"$5,700,000",,Round 20
597,Tampa Bay Lightning,RW,Tyler Pitlick,64,28,"$1,000,000",,Round 21
598,Los Angeles Kings,D,Colin Miller,66,27,"$3,875,000",,Round 22
599,Calgary Flames,G,Malcolm Subban,56,26,"$850,000",,Round 23
600,Montreal Canadiens,LW/RW,Martin Frk,62,26,"$700,000",,Round 24
601,Edmonton Oilers,D,Matt Benning,65,25,"$1,900,000",,Round 25
602,Ottawa Senators,LW/RW,Michael Raffl,65,31,"$1,600,000",,Round 26
603,Chicago Blackhawks,D,Lawrence Pilut,62,24,"$925,000",,
604,Vegas Golden Knights,G,Anders Nilsson,68,29,"$2,600,000",,
605,Florida Panthers,D,Jamie Oleksiak,67,27,"$2,137,500",,
606,Boston Bruins,RW,Wayne Simmonds,68,31,"$5,000,000",,
607,Dallas Stars,C/LW/RW,Brandon Pirri,61,28,"$775,000",,
608,Arizona Coyotes,LW/RW,Brendan Perlini,62,23,"$1,750,000",,
Round 20,,,,,,,,
,,,,,,,,
OVR,Team,Position,Name,Overall,Age,Salary,,QUICKLINKS
609,Arizona Coyotes,LW/RW,Corey Perry,66,34,"$1,250,000",,Round 1
610,Dallas Stars,C/LW,Brendan Gaunce,63,25,"$700,000",,Round 2
611,Boston Bruins,C/LW,Brian Boyle,67,35,"$940,000",,Round 3
612,Florida Panthers,G,Jonathan Quick,72,34,"$5,800,000",,Round 4
613,San Jose Sharks,C,Kevin Rooney,64,26,"$700,000",,Round 5
614,Chicago Blackhawks,D,Mike Green,69,34,"$5,375,000",,Round 6
615,Ottawa Senators,C/LW,Nate Thompson,67,35,"$1,000,000",,Round 7
616,Edmonton Oilers,G,Mike Smith,69,37,"$2,000,000",,Round 8
617,Montreal Canadiens,D,Jake Gardiner,66,29,"$3,000,000",,Round 9
618,Calgary Flames,D,Markus Nutivaara,63,25,"$2,700,000",,Round 10
619,Los Angeles Kings,G,Martin Jones,65,30,"$5,750,000",,Round 11
620,Tampa Bay Lightning,D,Mark Pysyk,67,28,"$2,733,333",,Round 12
621,New Jersey Devils,D,Jarred Tinordi,65,28,"$700,000",,Round 13
622,Anaheim Ducks,D,Mike Reilly,66,26,"$1,500,000",,Round 14
623,Colorado Avalanche,D,Dan Hamhuis,69,37,"$1,250,000",,Round 15
624,Columbus Blue Jackets,LW/RW,Pat Maroon,65,31,"$1,500,000",,Round 16
625,Pittsburgh Penguins,G,Garret Sparks,58,26,"$750,000",,Round 17
626,NY Rangers,G,Ryan Miller,70,39,"$1,125,000",,Round 18
627,Washington Capitals,LW/RW,Adam Erne,61,24,"$800,000",,Round 19
628,Winnipeg Jets,C/LW/RW,Austin Czarnik,64,27,"$1,250,000",,Round 20
629,Boston Bruins,D,Luca Sbisa,67,30,"$750,000",,Round 21
630,Philadelphia Flyers,C/RW,Denis Malgin,61,23,"$1,250,000",,Round 22
631,Vegas Golden Knights,C/RW,Rocco Grimaldi,63,27,"$1,000,000",,Round 23
632,Minnesota Wild,C/LW/RW,Vladislav Kamenev,59,23,"$750,000",,Round 24
633,Carolina Hurricanes,LW/RW,Austin Wagner,58,22,"$759,167",,Round 25
634,Detroit Red Wings,D,Tucker Poolman,63,26,"$775,000",,Round 26
635,Nashville Predators,LW/RW,Micheal Ferland,62,27,"$3,500,000",,
636,Vancouver Canucks,D,Christian Jaros,59,23,"$755,000",,
637,Toronto Maple Leafs,D,Luke Schenn,66,30,"$700,000",,
638,St. Louis Blues,LW/RW,Tobias Rieder,64,27,"$700,000",,
639,Buffalo Sabres,LW/RW,Marcus Sorensen,64,27,"$1,500,000",,
640,NY Islanders,C/LW,Zack Smith,65,31,"$3,250,000",,
Round 21,,,,,,,,
,,,,,,,,
OVR,Team,Position,Name,Overall,Age,Salary,,QUICKLINKS
641,NY Islanders,D,Jordan Oesterle,66,27,"$1,400,000",,Round 1
